{
  "assistments09": {
    "tsakt_wo_pos": {
      "auc": 0.7460837603666672,
      "rmse": 0.4203428667713086,
      "acc": 0.7386982947712677
    },
    "tsakt_ful": {
      "auc": 0.792017255328967,
      "rmse": 0.40241276168177254,
      "acc": 0.7627613028682547
    }
  },
  "assistments12": {
    "tsakt_wo_pos": {
      "auc": 0.8001147856277454,
      "rmse": 0.4249347649733105,
      "acc": 0.7285440163447866
    },
    "tsakt_ful": {
      "auc": 0.7919337263452769,
      "rmse": 0.42912051392545514,
      "acc": 0.7228426676237938
    }
  },
  "assistments15": {
    "tsakt_wo_pos": {
      "auc": 0.8254034095966886,
      "rmse": 0.3655090789947845,
      "acc": 0.8060195348541249
    },
    "tsakt_ful": {
      "auc": 0.8336816991090001,
      "rmse": 0.36127594500618515,
      "acc": 0.814896121663326
    }
  }
}