{
  "assistments09": {
    "dkt": {
      "auc": 0.8152688179666243,
      "rmse": 1.3025746705248378,
      "acc": 0.760966304920053
    },
    "akt": {
      "auc": 0.567476129379532,
      "rmse": 0.45627052245167565,
      "acc": 0.6980376688223651
    },
    "sakt": {
      "auc": 0.7921402083969586,
      "rmse": 0.40271834969757225,
      "acc": 0.7625507304230466
    },
    "tsakt_ful": {
      "auc": 0.7897994159072618,
      "rmse": 0.4027270986354323,
      "acc": 0.7625862592517901
    }
  },
  "assistments12": {
    "dkt": {
      "auc": 0.7274008473029505,
      "rmse": 1.0643753834089917,
      "acc": 0.6544290913147144
    },
    "akt": {
      "auc": 0.623232038998014,
      "rmse": 0.48389667842411255,
      "acc": 0.6071624753815029
    },
    "sakt": {
      "auc": 0.8058341581995176,
      "rmse": 0.421582716622774,
      "acc": 0.7341780840723758
    },
    "tsakt_ful": {
      "auc": 0.7893919625605232,
      "rmse": 0.42921180969220507,
      "acc": 0.7208059606935779
    }
  },
  "assistments15": {
    "dkt": {
      "auc": 0.7886994264708616,
      "rmse": 1.3622348375484226,
      "acc": 0.7826282089641553
    },
    "akt": {
      "auc": 0.5063228741295109,
      "rmse": 0.4873431665786517,
      "acc": 0.7653590906104212
    },
    "sakt": {
      "auc": 0.8360891983033091,
      "rmse": 0.35665603138280744,
      "acc": 0.81774837014693
    },
    "tsakt_ful": {
      "auc": 0.8282263887891503,
      "rmse": 0.3684832359989322,
      "acc": 0.8037779733467437
    }
  }
}